CaseID,Q14,CODE,"OE15 - What are some of the reasons you favor placing a limit on the amount of non-economic damages that a jury may award? Again, these are damages that you cannot quantify by bills or receipts such as pain, suffering, and emotional distress."
37,Str Fav, ,i dont think you should put a limit on it. this is a crazy question. i dont think people should be able to sue so easily.
40,Str Fav, ,"disproporiante: especially if costs other people money, such as a taxpayer. makes companies too defensive"
47,Str Fav, ,"there's no way to quantify it my thing is that apparently right is a lung, my pain right now is very low compared to somebody else in the hopitasl and its 140% the pain they're in and so i would say somewhat, well part of it is my family is a lawyer and im looking at a great percenatge of that and if the lawyer says whatever lets say 50,000 and he's a wealthy million dollar thing, he has half of that to have done greater, you know, the company likes it the end of the year and back to the federal government, thats about it really i wpuld say me personally is im a lover and not going to sue the state of new zealand"
53,Str Fav, ,I think it's okay to have the insurance companies pay for them but their needs to be a limit because it increases other people's premiums and prices.
61,Str Fav, ,I dont know. I depends  on the laymr. Some are worthy some are frivolous. Go ahead
62,Str Fav, ,Numbers are too high. The dollars should not immediately secure financial freedom for the rest of the victim's life. I'll leave it at that
63,Str Fav, ,For instance if the damages are not actually the right amount then there is no reason to give it to that person. Like a car insurance company and the damages match the damage so everyone gets a fair amount. No that would be all
73,Str Fav, ,"They are not equitable to anything, the corporations dont pay enough as they should and  people dont get enough money."
83,Str Fav, ,Placing a limit on it would insure that the benefit to the plaintiff isn't going to be too high above and beyond for them to recover from the incident.
84,Str Fav, ,"i think its too subjective, i think that um you should be able to quantify what those damages are and there should be a number associated with those damages, thats all"
96,Str Fav, ,"I don't think we should be a sue for it to begin with. I dont think it should be a thing. That's why we call them accidents. Well, I don't think it is right if it is an accident. Nope"
99,Str Fav, ,Because I feel juries have awarded unreasonabily high awards.
100,Str Fav, ,"thats the biggest problem, there is no price tag for when you have an an accident, someone who is a careless driver , causes the victim to have bad mental issues which is worse than any money. the money doesnt mean anything when you end up worse mentally."
113,Str Fav, ,because i feel like people take advtanage of free situations and basically try to milk the system if someone orders cofee then they'll sue the company then thats taking advantage i think people will sue just to get a free ride no cause i never file one so i really dont know other than what i hear just my personal opinion.
192,Str Fav, ,Some of the awards are crazy. The amount of the rewards are out of whack
257,Str Fav, ,"I believe that in some instances it has been over utilized.  That's it for now. I am not able to provide any instances    at this time. Oh, Youtube paying 24 million dollars to Trump.   It was for their remarks about January 6th. I'm guessing it was from people on Youtube.  Youtube didn't take it down when Trump complained."
268,Str Fav, ,the people use it for finacial gain..Onlty reason I can think of
271,Str Fav, ,I believe they are too subjective there's no criteria fo t this mental anguish this amount is the proper amount. I'm not sure I don't have a good answer for that. no
294,Str Fav, ,I feel that the judgements awarded are excessive in many cases and it depends on the expertise of the lawyer representing the plantifs. In what I have read and what I have seen among people I know there doesnt seem to be a consideration of who this person is or a realistic look at the person as to what is awarded.
312,Str Fav, ,Because u cannot put a limit on those items
396,Str Fav, ,I think it is over used. People say things that are not true so they can get a lot more money.
420,Str Fav, ,Well because someone would get screwed over. It's an inbalance so there needs to be some type of regulation. Stop screwing people over. Well you got somebody that might be injured or damages for something whether it's bodily or whatever and the insurance company ends up dropping you altogether on your insurance filing and claims and then you're just stuck in court fees and everything else. The compensation isn't there that's fair. I hate all of it. That's it.
447,Str Fav, ,"They are out of control. They're, some of them are ridiculous. I've seen it in the newspaper, I've seen it on TV, I've heard it on the radio. Some of the amounts of the awards have been ridiculous. I mean you got people making more off that than they would have it they worked the rest of their life. It's stupid. I haven't categorized it, but I just listened to it some fifty year old guy got three million dollars and he's out walking around. And, I had one, but anyhow it's just crazy stuff. I don't keep up with the specifics of it but I think the jurors think if they don't pay it the insurance is just going to pay it so I'm going to give them a big one. It's just ridiculous."
460,Str Fav, ,Because I think that becomes an emotional issue for the jury rather than anything that is practical or reasonable. I thonk because there is too widly avialble amounts for the same type of thing. People can greatly exagerate the amount of emotional damage they are expereincing. I think there should be a limit on that. No that's it
472,Str Fav, ,"Well, that goes back to, I know every circumstance is probably different but nowadays I feel like people will try to get whatever they can wether or not they deserve, it that's probably one of the main reasons.  I can't see someone suing somebody to take everything from somebody and put them in the poor house, there should be a national limit so everyone is playing on the same field.  No, that's about it I guess."
501,Str Fav, ,"Because some people are out there looking for someone sue. Like they dont really get hurt but they play it off like they did. Theres a lot of people who get in a car wreck and they claim that their neck hurts and their back hurts and if they gave it a little bit of time it would probably go away. Depends on how bad the accident was, of course. Nothing."
511,Str Fav, ,that one's kinda hard. Because the people that get the award get piddle compared to what the attorneys get. No other reason. Because it's a money making deal for attorneys. No more.
522,Str Fav, ,"I just feel like it should be capped off at a certain amount. I don't think it should be an ongoin thing with an amount set because it's not like losing a person. You know what I mean. You're still on this Earth. You can go to therapy for that. I feel like if anything emotional you can get help for it. I can't think right now. I don't know. I just feel ike pain and suffering is, you know. I think it should be capped off. I can't find another reason."
554,Str Fav, ,Sometimes people get crazy and want more than they are worth. I do not know. I just know that most lawsuits are usually frivolous. People are just greedy. That is my opinion. That's it.
556,Str Fav, ,"I would say because of how case-by-case it could be; variation depending on the lawyers, jury, so if there was a cap it could provide some structure instead of being any number at all."
557,Str Fav, ,"And that's the main reason, because you never know what a family is going through or that individual. Yeah, because sometime it can go way too high. Cause what if you go so high you take that company out of business. Yes, I mean it's more than one person that they might have to serve. You have to think of that too. It might help pretty much with damage on it, as an economical hole, as far as the. What limits they might see, as far as taking taxes, as far as our money going someplace else. If you working for the company, but if you don't have individual involvement in it, it shouldn't affect you at all. I mean you're paying taxes anyway, what is your tax money g"
579,Str Fav, ,"I would actually be in favor of the increase, just because I feel like when it comes to something like that, it shouldn't be a cap. It should be based on circumstances and then decide. Just making sure the, whoever the plaintiff, or whoever's been affected in a negative way, they get what they deserve. Even though it's monetary, there shouldn't be a cap when it comes to their suffering. Like I said it should just balance out. I do not know, wrongful death, it shouldn't really be a cap. There's no value on circumstances like that. Especially something where it affects how they live, their lifestyle. They can't move around, or do what they're accustomed to doing. There should"
583,Str Fav, ,"I just basically see how people get a crazy amount of money for nothing. It's just, I see quite a few people, I know a few personally, and they just waste the money when they get it. It's not right. It doesn't help anyone. No."
612,Str Fav, ,"Well I think the very fact that you cannot pay aprice tag on things.  If I am suffering emotionally for somethins, is 50 million dollars going to make it go away? No.  I do not think an excessive amount of money is going to fix any emotional or traumatic impact."
636,Str Fav, ,"Greed. People are greedy. People are sue happy anymore. I feel everybody has their palm out and expects to get a payday. I think society has gotten too sue happy. It needs to be limited. Everybody feels like they can sue everybody for everything, and it almost seems like they can anymore. I am generally a negative person, so I will leave it at that."
680,Str Fav, ,"Because if somehting is done wrong and then they guive someone 200 million dollars because of something. And that usually comes from somewhere, and most of the time it comes from honest people. That falls on docotors as well, where they fear having their license taken away and losing their 15 year education. If you just take someone's life time salary, and times it a couple times would work. Like times it by 5. Why is it the poor people, usually sue for more."
691,Str Fav, ,Because its gotten ridiculous too many people suing. Too mnay commercials telling peolpe they can get a lot of money. lawyers benefit the most. thats it
696,Str Fav, ,"One reason would be that, some of these lawsuits are frivolous. For stupid things, for example tags on a hair dryer that say, 'don't use in the shower.' I don't think people's stupidity should be awarded. I think the excessive awarded amount is a big one. There was a case in Washington that the guy died and they awarded sixty to seventy million dollars. The estate was awarded. If you have to do the math, if he worked from the beginning to retirement, he never would have made that. That's a couple reasons."
744,Str Fav, ,Because they can't be quantified because the civil system because it's not a criminal punishment and the standards of evidence are a lot lower it's a lot easier for juries to punish disfavored groups and defendants. That's about it.
761,Str Fav, ,"I think a lot of these non-economic ones are overrated. Personally, I think people get their feelings hurt too fast. People are just too sensitive. I think that people, I think there just too many people that complain about anything and everything. Somebody hurts their feelings, they are ready to sue them. I see it all the time on the news. People, they just can not, if somebody disagrees with them, they are ready to file a lawsuit against them, or shoot them, or something. Too much violence. I am definitely big on freedom of speech, so I think that they need to, within limits. Freedom of speech should not include violence, inciting riots or anything."
765,Str Fav, ,"It seems like the escalating amount the people are getting mean that businesses have to pay out more,pay out more for insurance,costs consumers more.The more the company pays out,they may go bankrupt,so we're losing busineses.I think that's about all I go.I think that's it."
100029,Str Fav, ,I think people and lawyers are greedy opportunists
100034,Str Fav, ,Lawyers get ghe majority
100053,Str Fav, ,There are no rules it is just based on histrionics
100066,Str Fav, ,"Because each person is uniquely different, opinion based judgments are outright wrong."
100072,Str Fav, ,People who are victims deserve compensation
100080,Str Fav, ,Many people lie about the pain and don’t really want to work
100083,Str Fav, ,Most people are looking for a payout. Everyone has pain and suffering some how.
100089,Str Fav, ,Currently seems like it’s being abused
100102,Str Fav, ,Drives insurance rated up and just makes money for lawyers on both sides
100117,Str Fav, ,Misread previous question. I do not favor a limit on this. Limiting this reduces accountability.
29,Smwt Fav, ,I don't know.
45,Smwt Fav, ,I think it is understandable but people sometimes take advantage of it. They are getting money from a lawsuit and I feel like they are making up things to get more money. That is it.
67,Smwt Fav, ,To much abuse in the awards
82,Smwt Fav, ,"there needs to be a limit, not limitless."
115,Smwt Fav, ,Because they can't be quantified. They are usually. I think that's the high part of lawsuits and I think sometimes those can be excessive. That seems to be the higher amount as opposed to the quantified amount. And I think those particular awards are emotional. They play upon emotions of the jury more than facts. I think that's it.
131,Smwt Fav, ,People could take advantage. The loss of life. Thats it.
144,Smwt Fav, ,REason is because are people are lawsuit happy. A lot of times it isn't validated.
147,Smwt Fav, ,"its on an indivdual basis and because  its on an individual basis and everyone's pain is different and we have to have set marks for where we're all at a level where we are equal so one person does'nt get 2 million and one person does'nt get 300k, I feel like that would'nt be fair, i guess that's it"
152,Smwt Fav, ,i think there should be a limit on most things. its  already hard to quantify so that makes it easy to go to far.
159,Smwt Fav, ,"Because it's subjective, there are so many people who sue to just earn money, but there are some people who really need the help; It's situational"
186,Smwt Fav, ,"Depends on how the pain and suffering was acquired. If you're talking about the abuse of power then yeah they deserve what they can get. The person in power should know better. I guess that about covers it. If it's accidental then it's an accident. Something beyond your own means but you're held responsible. Eh, you know. Now if you go out and do something on purpose the victims deserve what they can get. If it's malicious than the victim gets whatever they can get. That's good enough on that one."
206,Smwt Fav, ,"i dont know i guess i am in the middle of the road i guess, i dont know, i think people are taking, nothing"
215,Smwt Fav, ,"I think everyone is sue-happy right now but I think companies have been pretty sleazy trying to get out of things. I think it's pretty simple, if you deserve it you sould pay damages."
233,Smwt Fav, ,Because it depends on how much it affects someone or people's family. Because I feel that it should be taken into account. That's about it.
237,Smwt Fav, ,"Not fair, I don't know. I don't know just confused here, on the whole question. Like what are we even talking about, like who is going where, and who is gettting what. I have no idea. Nah."
242,Smwt Fav, ,"Because I, from the limited knowledge I have, it seems like people get too happy if you get some money out of something. Like a class action lawsuit. If you place limits on that, it would be less lucrative to sue over. Nothing."
246,Smwt Fav, ,"Some people can get more money because of the way they look and act, and others don't get that for the way they look. It depends on the jury, people have different ways of appearing. Umm, it probably is unfair, there are people who are well known and they get money and people that are poor don't get money It's something you cant put a price on, they do what they can. Well, it depends if it's against a company or a person. The person who has been hurt, the other person can't afford to give it. The corporation can give money if it's a corpration. That's all."
283,Smwt Fav, ,"the people need to be paid for the damage. if the person causes physcial,emotional, or mental damage. they should have to pay for it"
286,Smwt Fav, ,"Thats got to be the most retarded one in history I've heard of. There needs to be some kind of limit so you don't get large sums of money that does'nt make sense. The coffee spill is too much at 2 million, but if someone lost someone through neglect then that limit obviously should be higher. That's enough."
288,Smwt Fav, ,I would say equality. You know that way all people of all backgrounds and support systems can obtain the same amount of award. I would say to help eliminate wealthy people who can receive good lawyers and stuff like that getting more money than people who have less money. That's the biggest thing. I just think structure for the system would help everyone be treated fairly through the eyes of the law. That's it.
291,Smwt Fav, ,"I think that people tend to inflate their suffering in order to get more compensation that really harms other people, like driving small business out of business just because people aren't really honest and tend to be greedy."
317,Smwt Fav, ,"Because I believe they are an overly inflated way of lawyers to make money. They play on the emotions of jury pools in order to make money mostly for lawyers and not those that they claim to represent. I believe that many times people file lawsuits solely for aggrieved purposes and their justifications for filing thes lawsuits are disingenuous. Because the purpose of the justice system, whether civil or criminal, is to right a wrong, not to gain monetary gain for people. It should not be a vehicle to obtain wealth. They should limit the amount of lawyers."
321,Smwt Fav, ,"I know people suffer when there is car wrecks and stuff, but they get a hundred times, sometimes, more than they will ever make in a lifetime. I do not think that is fair. The insurance companies, yes, they make millions of dollars, don't get me wrong. But them getting them such high rewards makes insurance for everybody go up. Just that I have been involved in that kind of thing, and I was not greedy. I just wanted my hospital bills paid, and paid for my time off. I think that is more what they should consider, than trying to make it so they never have to work a day in their life ever again, unless that person, they need to have all their hospital bills and recovery to"
330,Smwt Fav, ,"Umm, to prevent taking adantage of the legal system. A negative, it could embolden the people that caused the incident, a byproduct and that. That's all ."
332,Smwt Fav, ,"non quantifiable, no real way to gauge or measure the number that someone needs, depends on cases. different degrees of hurt require different things."
339,Smwt Fav, ,"Because it is not quantifiable, I think that it's got no rubrick, not one I know, It's based on people's opinions."
344,Smwt Fav, ,"because theres too much variability personalities involed , should be somewhat regulated , bartering happens in jury there should be a standard"
345,Smwt Fav, ,"It's hard to say. It depends on the circumstances. Oh gosh. I don't know. I, yeah I dont really have an answer for that. Stupid lawsuits, I don't know. Well just people sueing people for stupid stuff. I think there are some people out there that just try and find things to sue people about, you know. That's fine."
358,Smwt Fav, ,everybodys pain is relative in how you quantify it
368,Smwt Fav, ,It depends on the situations. Lets use roundup for one.  Yes there's been a lawsuit and yes people have gotten millions of dollars.  People need to look for their livelihood and their families livelihood.
384,Smwt Fav, ,"Because it's not all the time that you're guna get pain and suffereing. There should be a limit so that it does not get out of control. People take advantage, that's what I'm trying to say. People lie. About how their pain and suffering is. That's it."
428,Smwt Fav, ,not sure
443,Smwt Fav, ,It's so it doesn't get out of hand. Just to keep it in. Is all. Somewhat.
449,Smwt Fav, ,"Because it's hard to put a limit on something thats non tangleble, non materialistic or calculable.. I think that's all I have for that."
454,Smwt Fav, ,People with more money will ask for ungodly ammounts of money because they know they have the money to litigate that. I would say that its hard to monotize something thats objective as pain and suffering. That should be it. No.
456,Smwt Fav, ,I want them to continue to p-lace importance on non ecoconomic damages i think its a good idea because i feel peoples emotions are important how they react to different sitations important sometimes tramautic things that happen to one person doesnt necessarily effect another person is nothing specifically because im not too informed on law and cases and things like that so im not sure what rules to take off
474,Smwt Fav, ,Because you have business declaring bankrupcy. There has to be a limit on everything. No
491,Smwt Fav, ,"I do feel like people take advantage, sometimes. Some people would make it seem like they are suffering more then they actually are not for all but some."
528,Smwt Fav, ,"You can't quantify it. If someone back hurts. I mean my back hurts. I wish someone would hit me with their car. I live in the insurance fraud capital of the world. Someone shouldn't be able to bankrupt a company because they are able to afford a lawyer than can convince a jury it's the companies fault intstead of the perosns fault for doing what they did. I think the legal system, the civil legal system that we have is a little bit too structured in a way that there are certain loopholes people can take advantage of that don't make sense. Not one hundren percent of the time but some of the time for sure."
543,Smwt Fav, ,"Well, because you can't quantify it, you really can't put a price tag on it. I think they do need to be changed, it can't be out of control, but I do believe to an extent I guess the best you can to give a proper award. I guess that's the only thing I can think of. It's impossible to put an amount price. If it's like mesothelioma, work related hazards, lets see; like if you work in a lab or hospital and everybody in the lab came down with lung cancer and passed away. That happend to my mother last year, my mother was a lab technician in a hospital. I guess it should be in proportion to what the person is being sued, kind of be relative to what their income would be."
585,Smwt Fav, ,Jury's gone wild. Jury's that have over compensated for stuff that there is no reason for it other than to unjustly punish someone that's genrally it. The jury not doing a thing other than picking a number out of the sky. No I'm good
603,Smwt Fav, ,"I just think it's hard to measure something like that. Of course I know there are caps in other lawsuits on certain losses, or awards. So it just makes sence to add caps here to. It's on a case by case scenario I guess, but yeah that is why it makes sense to do some type of cap for it. That's pretty much it, I don't have anything else to add."
615,Smwt Fav, ,"It's too subjective. I think the risk is too high for companies, especially small businesses. If there was something accidental without a cap it could put out a small business for something you can't quantify. That's about it."
622,Smwt Fav, ,i dont understand the question
634,Smwt Fav, ,Well every case is going to be different. I just think that sometimes millions and millions of dollars for your pain and suffering doesn't equate. It doesn't level out in my opinion. I just feel like pain and suffering can be milked. I'm not pushing aside anyone's feelings because I know people go through shit with stuff that happens but people on the other side do milk and go for the wrong. That's good.
647,Smwt Fav, ,people can make up an amount an go for it. p eople are not trustworthy
664,Smwt Fav, ,"Um, I think that part of the consideration for the amount that can be awarded should take into account how much it would damage the other party can pay. If someone damages someone else destitute an extreme verdict can ruin them, and I think that over non economic damages you shouldn't ruin someone. I think that's about it."
674,Smwt Fav, ,I don't know how to verbalize it. But it's bacscially a crap shoot. There are no ideas behind it. In my opinion I belive it's purley speculation. No clue.
704,Smwt Fav, ,I think they are just ways for juries to express in large numbers their frustration with companies and I don't think thats necessarily right. I think it tends to maybe sue more to hit the lottery. I think that's kinda my big grievance.
718,Smwt Fav, ,My reasons for putting a limit is not unless there is proof this ability your ability to work there's only a quatifiable amount that should be appropriate should be rewarded. Like the reason why I think there should be a limit is unless there is definitive proof that emotional distress occurred like there's only so much money that can be rewarded to where it's reasonable because it's hard to tell. Whether it is genuine or if it's just for the reward. I think thats it.
751,Smwt Fav, ,I sometimes don't agree with the amount awarded for pain and suffering.  No. NO.
759,Smwt Fav, ,I guess it can just get out of control potentially and maybe potential abuse of the system. The amounts can get too high.
100023,Smwt Fav, ,Because there is not always a reason to sue
100024,Smwt Fav, ,Not sure all clients are truthful so I get skeptical.
100031,Smwt Fav, ,How do you know they suffered and are not lying for money?
100033,Smwt Fav, ,"While there is no price for a human life, the awards should reflect an amount that is punitive for the entity causing the damage. Amounts should be higher for corporations than individuals. Destroying an individual, no matter how guilty they are isn't solving anything."
100044,Smwt Fav, ,"Non economic damages are relative to the factors familiar to the jury  Could vary across the US.  How is there a control for cost of living, social issues like unemployment or lack of healthcare.  Disability cases. Too many factors.  As demonstrated now more than ever there is a large divide of opinion of federal judges. If the case is brought in California or Florida, for example, there will be a difference"
100050,Smwt Fav, ,"No more than one million should be awarded. Unless the  Injuries are so severe, and the plaintiff is so young, that lifetime medical care would be required along with home renovations."
100056,Smwt Fav, ,They can never recover the amount from average person
100057,Smwt Fav, ,"The system is being used wrongly where juries have recently been awarding damages not to make someone harmed whole again, but to punish defendants. This isn't the purpose of non-economic damages. Case in point, Trump being slapped with nearly half a billion dollar penalty because he was Trump."
100075,Smwt Fav, ,The amounts are so high because the lawyers are incentivized by the amounts. In some cases 100 0f million are more that an individual could ever earn and in many cases just bankrupt the plaintiff
100079,Smwt Fav, ,Some rewards are too high when negative outcomes happen but there is no actual malice that was pre planned
100082,Smwt Fav, ,"The amounts awarded are usually too high and have no sense of reality. Of course, the amount of money awarded to Trump for “made up” sleights is outrageous."
100084,Smwt Fav, ,Do you think a NFL quarterback should receive a $50 million guaranteed signing bonus? There’s reasonable reward and reasonable punishment.
100090,Smwt Fav, ,"Quantifying non-economic damages is difficult.  While the idea is punitive, it seems that these damages are negotiated downward anyway. A real consequence that would matter is to take away the ability of the corporation to operate for some period of time."
100100,Smwt Fav, ,The lawyers get a big portion of it.
100109,Smwt Fav, ,The high rates are enticing attorneys to fill crazy law suits.
100110,Smwt Fav, ,"Sometimes when I read the settlements in a case, I feel that they are too high."
100111,Smwt Fav, ,Difficult to determine. Often far surpasses the person’s lifetime ability to use.
100115,Smwt Fav, ,Difficult to put a logical damage cost for pain and suffering.  Sometimes awards are too low and sometimes too high.
32,Smwt Opp, ,"I think corporations and the present Republican administration are not holding people responsible for their actions. I just think under the present Republican situation, it's all about money and they'll do anything to squash the people that can't challenge them. I just think some pharmaceutical cases, and medical cases; the average person can't challenge the companies due to legal fees. The average person can't successfully fight large corporations."
35,Smwt Opp, ,Because it's important. Life is more important than money. The corporations don't take people into account. Cause corporatiuons are about money. About the profit. Not placing a limit. I don't have any other reasons. I think I've given you all my reasons. I think people are more improtant than money. I think corporations are about profit. That's it.
42,Smwt Opp, ,i think emotional distress is very difficult and   we should be getting some compisation for that
48,Smwt Opp, ,"It's not fair.Some people are so stupid, they get a cup of hot coffee and then they burn themselves and sue for millions. I don't think they should get the amount they get,it's because of stupidity. If the whole country was stupid we'd be millionairs. Like I said I don't think people should be re- warded for stupidity. If they put a lid on the coffee and you're stupid enough to open it while you're driving you don't deserve money for being burned. That's just an example, I'm sure there's more."
58,Smwt Opp, ,"Well I mean it goes without saying, if something is not quantifiable, how can you base the prospective value how can cap something subjective? It should be determined by the person with the most interest if they're the one who took the loss. Uh, yeah I think that's it."
65,Smwt Opp, ,"Like I said, it would be difficult to see what each individ  ual person is going throuh . Like nowadays, like doing a civil suit would cause more emotional       distress and anxiety and put even more added pressure on one's livley- hood and that's on top of whatever the civil suit is to begin with. and it just compounds. It takes more and more time"
126,Smwt Opp, ,"I believe that a jury of multiple people with multiple persepective and to it harm without it directly attached to a material quantity.  I believe in groups, people are capable of intuiting a level of harm perpetrated, even if the harm is not connected to a material quantity."
136,Smwt Opp, ,becasue people is bold lately that they do anything. Because people is basically do anything if serve their purpose. corporations have a whole thing of lawyers and it's hard to get justice for what you pay for against them. because corporations are the rich and theyre the ones getting the tax cuts and the small man is getting nothing but the shaft. Oh nothin else really
148,Smwt Opp, ,"Evidence. I can't make a decision unless I see the evidence. Good question probably no because I think people, the average person just wants to know truth. I guess yes first off just listen to people they're not stupid. We just want to know the truth the best we can. Like juries and I believe in jury's. No go ahead"
149,Smwt Opp, ,"I think that if it gets to the place where the jury decides that there have been damages, I think that you would get the amount that you're entitled to receive."
157,Smwt Opp, ,I don't believe that anyone ever put an amount that can quantify the amount of suffering a person has dealt with. I that there a liniton the payout that can be made. Thats I don't know how you put it. You are putting a number on someones pain and suffering. I have nothing else more to add.
171,Smwt Opp, ,Its subjective on what the amount would be
183,Smwt Opp, ,Juries  can make decisions. That is how the system works. I don't really have any other reasons. Just humility. I have never been in any situation like this. People can hear the facts and decide
248,Smwt Opp, ,I don't think its fair to try to quantify that amount. It feels too arbitrary
276,Smwt Opp, ,I feel that it depends on the situation like what is going on. If someone dies you can't put a price tag on it.
303,Smwt Opp, ,can't be quantified
310,Smwt Opp, ,I think it just highly depends on the situation. I am not sure.
322,Smwt Opp, ,"Depends on the type of damage and amount of damage that was incurred. Putting a limit on it means someone might not recup some of the lost damage. Other reasons are probably paradoxical, considering my last answer. Juries would tend to award the maximum amount more often than the amount deserved. It goes ways."
334,Smwt Opp, ,Because it needs to be determined by a jury or a person's peers. There is no absolute system that works completely well. This is about as good as it is going to get. Nothing else to add.
376,Smwt Opp, ,"I mean once again  its subjective to the situation. It all depends, right? I mean that's really about it. i dont really know."
409,Smwt Opp, ,"I don't know, um, I can't think of a reason. Not enough to cover the amount of damages caused by the incident. It would benefit the payer. Nothing to add"
448,Smwt Opp, ,Because it is hard to quantify and therfore it can be blown out of proportion Also the emotional damages might not match the financial payout disproportionately. If there is a limit I feel that lawyers will try to get the maximum amount in every case.  That's it.
492,Smwt Opp, ,"i dont know, life experience."
513,Smwt Opp, ,"Uh I think that non economic damages need context to decide the amount rewarded and limitations disregard any of the required context. Um, let me think. I think that limitations on things such as that are easy ways for larger companies to get away with more since they typically have better and more knowledgeable representation, so they can get away with more in those loopholes. I think that's about it."
514,Smwt Opp, ,"Sometimes,depending on the case,I think some of the judgements are way over- stated. In my opinion it's that the lawyers can get their 33 percent so the more money they settle for the more money they get. Other cases I find that, or feel that,the families who have been injured in death or disabilty don't get what they deserve. I would like to see something that would be fair and equitable.If there is a punchlist the range of compensation should be the lower to higher number in different cases so depending on the injury or dis- ability that there is a standard that jurys would be able to see and debate that after trial verses going in and asking 50 million so a guideline is good."
539,Smwt Opp, ,It all depends on the type of injury or experience the person suffers. It's hard to put a number on it.  It all depends on where the person where the wrongful lawsuit is filed.  How that person is going to survive. Not much else.  If they lose a leg in a factory accident.  It's kind of random.
542,Smwt Opp, ,"Mental agony is hard to put a price on, as is humiliation. It is very hard to determine those things."
549,Smwt Opp, ,Because it is pain and suffering and emotional distrress. I mean you can't put a price tag on a person's life. Well if it's someone's negligence causes somebody to lose somebody's ability to lose the rest of their life then there should be some financial compensation for it.
551,Smwt Opp, ,"I think the seriousness and level of pain can be varied, so it's not up to a jury to lean into a set limit. It would be hard, it would be unfair. It might be limited to what they deserve. There might be more given to people that aren't needing that amount. Nothing else."
562,Smwt Opp, ,"Um, emotional trauma such as rape and some things you just can't get over. Some things you can't put a price tag on, or it would be like putting a price on life. which some people try to do. It is case by case. if you stub your toe, the eh maybe not but sexual assualt and things like that you dont just get over. If its something like epstien then you cant just get over it. Thats it, thats good"
570,Smwt Opp, ,"I would say that every case is different and it should just be considered based on what happened instead of a limit like an umbrella limit for everything, I think it should be case by case. A couple of things is, I guess, as time goes, you know, there's inflation and then we would run into making sure that correlates if there was a limit to stay up to date with inflation and the changing environment. I think that's basically it, just, I think there's too much room for discrepancy with these cases and yeah, it should just be considered during the trial. I just think that during the trials the people in that trial should be able to state their case for why the need a cer"
597,Smwt Opp, ,"Because you dont know what that persons going through, so you cant put a price on that, its not right. its unfair to businesses really, maybe theyre not totally at fault. Nothing."
607,Smwt Opp, ,Because they do register.  They cannot be quantified. If a corporation especially a large corporation. It's worth someone seeking compensation.
617,Smwt Opp, ,I think that a lot could happpen to somebody in a personal injury case and I would want to ultimately leave it up to the jury. I think that with non economic damages it's generally somthing pretty bad and again I'd want to leave it up to the jury. That's about it for that one.
666,Smwt Opp, ,"I mean if a Doctor leaves a sponge in my appendix I want him to pay, if someone does something heinous they need to be made to pay for it.  I mean some of these companies do something heinous to the environment and it just ends up being a drop in the bucket that's not going to do anything, they need to feel the pinch.  I think that about sums it up."
676,Smwt Opp, ,"I feel like it's hard to anticipate what the damage is going to be and what the expense had been, so trying to put an arbitrary cap on damages seems inappropriate. I think that sort of encompasses everything, it's just hard to foresee what people are going to get out of shape about or what they're going to sue for. How can you predict what the damages are going to be? Well, because, what if you have a great big company doing something very disengenuous and they are doing damages that are significant to a group of people, I don't see how it's possible to put a cap on that if you don't even yet know what the damages or what the nature of the offense was."
693,Smwt Opp, ,Because its hard to put monetary value on it when it effects people. Its definetly better for people with money. Nothing else
703,Smwt Opp, ,I think it's a case by case. There has to be a cost that will add to more monatary gasing. Like how much longer they will have to live with the issues as opposed to someone who won't have to live with it long. There's a fine line and I just don't know. No. I think I wouldn't want for someone who suffered youmg have to live through a something that was bad as opposed to someone who who will not there. Deffiantly more to the compensation I would hate to be a on a jury I'd be a terrible person to judge on that. No
707,Smwt Opp, ,I think it has to do with whats goin on in the family and whats going on in the economy and life in general. I dont know if I have other reasons. Nothing else.
755,Smwt Opp, ,some cases may warrant it others dont. I do not know. Im ok with it. nothing
757,Smwt Opp, ,"Because they can have a long lasting effect. Like if someone lost their life, if the person is never coming back. If someone lost their legs thats gonna effect them for a long time. Mental health is something as well if theres a tragic situation that mental health doesnt stop just cause they payed you that could have a long term effect if there is damage. If they pay someone out for a year or two and something comes up in there or four you're just screwed at that point. Its like theyre settling for a long term case they dont know how long the suffering or what changed things. Thats it."
760,Smwt Opp, ,"People shouldn't have a price when a trillionaire or billionaire has a limit to the price of life, with that being said you can't put a limit on somebody, like Elon Musk or Jeff Bezos in a wrongful death situation. You can't put a price on a human life its just unfathomable and unconscionable, the end. bankruptcies would be more likely, LLC's would crumble, inflation in that field will increase and I believe it will act as a deterrent against crimes against humanity. Poeople shouldn't die needlessly. No more additional thoughts."
762,Smwt Opp, ,Some of the reasons. I don't know. Honestly I don't know right now I just got home. Because the pain and suffering may be it's all relative just because I don't know how severe there shouldn't be a limit on it. That's pretty much that's the reason I would say.
763,Smwt Opp, ,"Because I think there are non-economic issues that affect people's lives here deeply. Like mental illness, and distress as a result of the damages done. it's not always economic issues that are the most important issues. I would have some concernes if some body had some mental issues long term, just using that as an example, due to the damage, that can be very costly later on. Hospitalizations, or if they can't work due to it. I don't know if that counts as economic damages, or not. I just think that there's a lot of issues that could cost some body a lot of money, and should be compensated. With compas- ion, and empathy. I can't think of anything else to say at the moment."
764,Smwt Opp, ,"I really can't say. I dont know. I really would need some time to think about that. I really don't know right now, off the top of my head."
766,Smwt Opp, ,well we went through this about 20 yrs ago. my daughter was injured at work with a life long injury. my daughter got nothing.
767,Smwt Opp, ,"I would appose putting limits on almost everything, I think they should be handled on a case by case basis. Im not completely against it but im not completely against it either so I somewhat appose."
100010,Smwt Opp, ,It may be a situation any reasoning person would say is too horrific to limit.
100013,Smwt Opp, ,"The reason why I somewhat oppose limits would be that value of damages can be influenced through inflation of currency and time value of money. I would also say that pain, suffering, and emotional distress can decrease quality of life and potentially lower a person’s life expectancy. In this case, as a person’s life has been partially lost and life is priceless, the damages may be limitless in terms of monetary value."
100021,Smwt Opp, ,Freedom of decision should not be removed from jury system
100026,Smwt Opp, ,"It’s a way for a jury to punish a corporation for ignoring public safety, sending a warning to other companies."
100043,Smwt Opp, ,All cases are different
100046,Smwt Opp, ,I feel like placing a limit on non-economic damages will open the door for big companies and the like to avoid taking responsibilities for the long term issues that are not easily seen at the time. If corporations are people (take Citizens United) then they need to be held accountable as a person would.
100047,Smwt Opp, ,I believe intangible factors cannot be measured quantitatively so placing a limit impedes justice.
100052,Smwt Opp, ,"It depends on the actual incident and how serious/horrible it was. Emotional distress, suffering and pain would be different levels for individuals. There is no way to gauge everyone by one set."
100054,Smwt Opp, ,"You can not replace pain/suffering with money, it doesn't have a limit or price because you could be suffering for life and how can the price of life be determined."
100055,Smwt Opp, ,"I feel like if a true honest attorney is trying to get a person monies that they deserve from all the other influencers. We are individuals. Don’t know what those influencers are in the sincerity of them. If we try to put a cap on it, we’re just guessing and honestly, I feel like it could hurt some people who may need the extra amount."
100064,Smwt Opp, ,Non-economic damages seem to be non-specific or a grey area and can be taken advantage of. How can one accurately quantify monies for damages of that sort?
100078,Smwt Opp, ,"Too broad of a question without knowing specifics of each case, e.g. degree of negligence, type of damages, etc."
100085,Smwt Opp, ,"Some of the non-measurable damages are devastating to quality of life.  Like blindness, for instance."
100095,Smwt Opp, ,It depends on the issue
100098,Smwt Opp, ,"People situations in life are all different. A mother that is moderately to severely injured has no way of knowing what amount she will to pay for her bills, raise her kids, pay for college,  pay tutors, psychiatrists, psychologists, dentists, surgeons, and on and on. If she can only work part time or not at all, or made to retire early due to rising health costs.  A single man may not have the expenses as a mother, but his situation may be entirely different and more costly if the injury shatters his ability to pursue his life long dream where his income would have been 500k a year.  There is no price to place on heartbreak.  But having enough money to never have to worry again about how to survive is a great gift."
100103,Smwt Opp, ,"Because those injured may need the financial support for many years, for example for ongoing care. Pain and suffering are real even if they are difficult to quantify."
100108,Smwt Opp, ,Any legal action requires an outcome that will justify suffering.
100119,Smwt Opp, ,"Cost of physical care needs,  emotional support and expectancy of the victim of injury should be considered. Use researched information to identify the expected cost and  add 75% to the estimate. As you stated, a price cannot be placed on the price of living with physical or emotional pain. I belief in our judicial system  to make a decision on such claims."
54,Str Opp, ,"Because you can see pain in a person, you know? And people go oh let's give them this much, but they don't see the pain. It's unfair that they put a price on it without seeing the pain. They should not have a set price. I dont know how to base it on what, but I think it's wrong. I think they see the person and if they don't look like they're suffering the jury thinks they're faking and that's how most people lose trials, because of things like that. Thats it."
69,Str Opp, ,"for pain and suffering it is quantifieable. you can quantify that. loss of companionship and mental/emotional distress, you cannot quantify that."
70,Str Opp, ,Because it is different and the fact of the lawsuite losses are different. Because everybody that you can quote the limit of damages on the base by base case you know what I mean. That's it.
88,Str Opp, ,Pain and suffering and emotional distress. Because you don't know how much pain and suffering that person has endured and how long they've waited to get a settlement. That they need to look at the fact that the jury doesn't know how much pain and suffering that person has endured they have to take that into consideration.
90,Str Opp, ,you don't know what future consequences an action will have on a person years down the line
105,Str Opp, ,It's just my opinion. It just seems like the little guy always gets screwed pretty much.
120,Str Opp, ,"Internal damage is not visible by the eye. And depending on the heinous damage imposed by a individual, I would say that putting a cap on what we believe would be a generic equatable damage may not necessarily be appropriate. Humanity is evolving and everyday we see a story that get's worse and worse and to that point putting a cap on a heinous crime, I would not agree. I think that take's away from a individual &  would not be right. I could be mis-treated the same way you have and I could be just fine and you may not. Due to coping skills someone may or not have. Everybody has a individual situation and you can't put a cap on that. Thats it"
122,Str Opp, ,"I think that it gives more power to less economically advantaged people to be able to defend themselves in court and recieve the financial benefits that would help them against medical debt. We do not have a good healthcare system as it stands right now, and universal healthcare is not available, and allowing people to sue in court is the only way for them to get the help they need. Some of these cases have people who are disabled for the rest of their life, you can't put an arbitrary price on that. No, I think that's about it."
127,Str Opp, ,ive seen first hand when someone is hurt by others negligence. ive seen people pass away and hurt from this. and i dont think it should be reuced.
162,Str Opp, ,stuff like that varies case by case
172,Str Opp, ,"I am opposed against placing limits.  I would oppose it for the exact reason you explained. And if we are saying these damages are not quantifiable, I think we can't put limits on damages. My other issues with the limits is the proportions get larger and larger, so thse losses are going to hurt them less.  That's all."
189,Str Opp, ,If you kill someones wife or husband like with a vaccine you will go years without them by your side and you can't put a price on that.
234,Str Opp, ,There needs to be no limits
239,Str Opp, ,"personal experience, seeing long term suffering, some things you can't fix."
252,Str Opp, ,why would you put a limit on that. the loss of someones life you can't quantify that. you cant limit the pain that someone has to indure.
255,Str Opp, ,"Because if you put a limit on all of the lawsuits, it doesn't give a jury any roomm which lawsuits have merit and others don't. If a mother loses a child due to a company's liability, the mother deserves as much money as the jury decides to give her."
262,Str Opp, ,Becuse some of the mental damage is worse than the economic damage. Genrerally depends on the individual. Nothing
264,Str Opp, ,I would say that it's judgement based. I guess it's not that important to me. It's low on my list. It's not extremly important. Nothing.
272,Str Opp, ,because those        bastards isw the only language they underrstand is money There should be no cap because people who have been hurt deserve compensation
292,Str Opp, ,"I think it goes case by case.  I think that some people abuse it, so it should be up to the judge and the trial and jury to what's the amount.  I think that is all I got right now."
300,Str Opp, ,"if something is bad enough that a huge award is given i would say that amount is warranted. i tend to side with the individual and not the corporations, espicially that a huge corporation does not have incentive to change."
304,Str Opp, ,no
306,Str Opp, ,one persons situation will not be the same as another person situation you can't quantify the pain that one person has to another.
307,Str Opp, ,skip it
316,Str Opp, ,"well because you cant quantify them so why would you put a cap on them? thats about it, if you cant quantify it why would you put a cap on it?"
325,Str Opp, ,i trust our jury systems to make the best decsion they can make and frankily some things are so heiness money cannot compensate someone to go in it
331,Str Opp, ,It depends on how much damage was caused. That's my answer.
414,Str Opp, ,"I don't think it's fair to put a limit. I feel like it's kind of obvious, morally. I don't know how to explain why."
426,Str Opp, ,"includes death too, right? well how do you put a price on human life? ford put a price on a human life when they made cars and back in the 70's or 80's they built the pinto and if it got rear ended it would explode and they didnt recall it so they let peopel die and decided to just pay the sttlments for the wrongful death suits and i think thats evil for a corporation and granted that was 50 years ago but it still happens with big pharma and they should pay the price, there's a lot goes on there's a lot of evil corporations out there, i just, nothing really, because i think there should be a common sense limit, especially if that person was making a regular wage"
450,Str Opp, ,"Honestly, I don't see how you could put a price tag on the loss of life or the loss of possesons that you've spent your life accumulating and I don't see how person or one board would be able to just put a price tag on that when they don't know the value of it to you, if that makes sense. Basically, I don't feel like someone else should dictate a monetary value over your loss if they have no clue of what that loss meant to you or what that loss, how that loss impacted you. They could never, I mean, how would they know? So for just one person or one board or group of people, you know, we're gonna cap this at that amount because it wasnt that significant, because who are they to say?"
461,Str Opp, ,I sometimes think you can't put a price on the situation  or certain circum- stances. That's about it. That is a broad question.  Nothing.
470,Str Opp, ,"Because I think each case is different. I was a nurse and seeing spinal cord injuries, it is going to change their whole life. It is heartbreaking. That is about it. Some injuries are so bad it changes the whole family and the limits of the whole family. There should be no limits to that. That is about it."
479,Str Opp, ,sometimes these types of sufferings are deliberate by aggresor
481,Str Opp, ,"I don't know, it's kind of out of my league."
489,Str Opp, ,Judgement is a perception and perception is shades of grey not black and white.It's how you perceive things based on your own views on things is how you are going to set a value.I can have an issue and you deem a monetary vs someone else.Not right.I can't really come up with anything at the moment. leave it as is.
508,Str Opp, ,you cant put a limit on a persona pain or suffering
540,Str Opp, ,It depends on the company an their marketing
584,Str Opp, ,"Well one of my parents was an engineer and had to go on disability and basically lost everything when the company went belly up. There was no way to get any kind of restitution once the company filed bankruptcy, lost her pension and house. The excecutives got their full salary plus bonuses and the regular employees lost their pensions and we lost their house because of it. No thats good."
596,Str Opp, ,I would oppose a limit becaue I think each case should be viewed uniquely and I think each person on a jury each person would be reasonable.
605,Str Opp, ,Because the law system sometime's take's more of the logical route and may not take the emotional route. In the sense of the person who is explaing their pain and suffering or maybe the jury doesn't see their point of view or whoever may award that. So Corporations don't take advantage of the emotional distress they cause. Maybe the person feel's that they are entitled to more because of their pain and suffering ect. and if maybe they are a larger corporation they may care only about the monetary gain . That's all.
609,Str Opp, ,"If you are unable to quantify a pain, and suffering then you shouldn't be able to quantify a limit. not really.   just, it depends on the situation. it's just the logical answer."
614,Str Opp, ,"No one can put an amount on a persons life or pain or suffering, or any hurt a persons family has gone through due to a wrongful death. You cant put a price on something you have no idea on someone had to deal with or their family had to deal with, what it took for a person to overcome that situation or any mental health that could be involved with it, you cant put a price on that."
616,Str Opp, ,"It's helps infinitely, the form of money awarded. There's no number you can put on it. Especially in wrongful death, injuries caused by whatever. Not only do you have lost wages, but also increasing debt, interest piling up, and the emotional part. Not only is it stressing them, but their friends, and family. I've unfortunately seen the results of these types of injuries, and what they cause in a family. That's it."
623,Str Opp, ,I feel it would benefit cooprerations and hurt individuals that were hurt by these oreginizations. It would not deter them from releasing products that might hurt people since they are not be held responsible. That's it for now thtat get's the jist of it
632,Str Opp, ,Each individul person has different outcomes from this situation. There is no limit on pain and suffering. no
637,Str Opp, ,I had family that have died from an issue that came from big corporations and I really dont think loss of life you can ever replace loss of life with a number. Because big corporations have unlimited amount of funds. They really dont care about one person or a few people to that extent to where if they have loss of wages or loose their life they shouldnt be in business cause we are the people who put them in business cause if they dont care about us then why are we buying from them. Thats pretty much it.
661,Str Opp, ,Just too many people getting a free ride. I just think that there's too many people just kind of abusing the system I guess you could say. Everybody's just trying to sue over the foolish little things in the world that are just silly I dunno it's hard to explain I guess. I'm not really sure I can't really think of any reasoning right now.
695,Str Opp, ,"Becuase the montetary value that those problems can cause is also hard to quantify, so I don't believe there should be a limit, I trust the justice system to decide this. I have no ideas, I don't know. Nothing. I'm saying the monetary value for a peson to use for therapy that, can be done for years, I was also thinking lost wages, family issues, social issues. I mean it can affect many areas of life. Nothing in particular."
706,Str Opp, ,"I mean, if a company messes up. Or the government or police agency messes up. If they kill my kids, husband, or wife. You cannot put a price on that. The price is infinite. One hundred million dollars would not cover it. That is about it. That is pretty much the gist of it in my opinion."
711,Str Opp, ,"You can not replace a person.You can not replace their fear and their feelings taking awaay someones freedom from the way they used to live. A semi-truck runs overs someone who is doing their job on the highway, their family is going to be without them if they are killed. So if the truck driver is on their phone or doing drugs or not paying attention there should be no limits in my opinion for example. That's just for an example."
735,Str Opp, ,Well because it has to be looked at individually case by case and I can't really make a good decision on a question like that.
741,Str Opp, ,"It's unmeasurable I think it's a personal thing, someones experience"
743,Str Opp, ,"I think the everyday juries can be more subjective, but I just think putting limitations could do more harm than good. I suppose like downplaying emotional damage to somebody, and how someone can be monetarily entitled to something because of it. I think think some companies, like large companies with big fancy lawyers, can win things over. Because something is not physically losing something, it still does not mean it is just, or that a certain company can get away with it. I think placing limitations is not helping the little guy. I think it is just protecting major corporations. That is where I would like to leave it."
758,Str Opp, ,Just for things that are'nt economic I dont think there should be a limit. I think it should be up to the court to decide. So I think there should'nt be a preimposed limit.Thats about it. I'm not super familiar with these type of lawsuits.That's it I'm not familiar enough to say anything else.
100016,Str Opp, ,Nobody ever gets paid a justified amount fornanything
100027,Str Opp, ,Juries should be able to determine awards appropriately by case
100038,Str Opp, ,If the guilty party has wronged a party then they should be liable.
100048,Str Opp, ,"Depending on the situation these things can get worse over time. I lost my rights to my son to an abusive mother 3 years ago, judges exact words were “since you have so much fun with your son you must not have any structure” that emotional distress is destroying me. Hearing my son being abused and I cannot protect him emotionally and financially destroys me and it gets worse over time."
100049,Str Opp, ,Can't put a price on how much someone suffers on certain situations.
100051,Str Opp, ,"Not every case is the same. In my opinion, some people that have been victimized deserve a lot more than others. A maximum amount would not be appropriate in those cases. It also depends on their representation."
100058,Str Opp, ,Some states already have limits on damages. Damages will never be too high because they currently never stop defendants from repeating the behavior.
100059,Str Opp, ,"Injuries cause personal damages that are not quantifiable, such as losing a mother"
100062,Str Opp, ,Fuck everyone with money.
100063,Str Opp, ,"You can not place a price on a human life no matter how small or unimportant one views them.  Pain a suffering is a real thing and big corps ignore what the people view as an issue in order to line their pockets.  Human life is precious as it can disappear in a blink and everyone means something to someone.  People wouldn’t have those issues if companies put the ppl first, after all they make the business profit."
100073,Str Opp, ,Each trial is unit.
100087,Str Opp, ,"If it was to be limited, it should be % of company valuation. Not an arbitrary number."
100094,Str Opp, ,SUFFERING. non economic damages also translate to unforeseen economic damages that victims can’t see in their current hardship
100096,Str Opp, ,"Even though you cannot put a price on emotional pain and suffering, that should not be a reason to cap it."
100097,Str Opp, ,Not really sure about this
100101,Str Opp, ,You can’t put a cap on some losses
100105,Str Opp, ,"If you put a lemon on it, there’s no telling what inflation will go up to in future. It should be reasonable with no limits look at hospital bills cost-of-living housing food all going up every month"
100114,Str Opp, ,I feel it’s an unknown future outcome.  Only the person affected has the ability to recover and how long it takes can’t be predicted or when they are going to recovered has no timeline.  So the person affected will need compensation to cover all expenses associated with this process of recovery.
